ID,Description,GeneRatio,BgRatio,RichFactor,FoldEnrichment,zScore,pvalue,p.adjust,qvalue,geneID,Count,ONTOLOGY
GO:0043121,neurotrophin binding,0.2,10/18737,0.2,76.47755102040817,12.224715515082178,2.9748207654296723e-4,0.04514899331530227,0.03807421086996184,NTRK1/FSTL4,2,MF
GO:0043560,insulin receptor substrate binding,0.15384615384615385,13/18737,0.15384615384615385,58.82888540031397,10.680024472236468,5.130567422193439e-4,0.04514899331530227,0.03807421086996184,PRKCZ/INSR,2,MF
